{"text": "\u4f60\u597d\u4f60\u597d", "segments": [{"id": 0, "seek": 0, "start": 0.0, "end": 2.2800000000000002, "text": "\u4f60\u597d\u4f60\u597d", "tokens": [50410, 26410, 26410, 50478], "temperature": 1.0, "avg_logprob": -1.38641357421875, "compression_ratio": 0.7058823529411765, "no_speech_prob": 0.07958266884088516}], "language": "zh"}